,,,,,,"~~~eRAPTOR~~~",,,"&nbsp",,,,
"Player","Age","Team(s)","Pos","G","MP","Off","Def","Tot","WAR","WAR/82",,,
"Markquis Nowell",24,"TOR","SG",1,4,24.39376446,13.35522647,37.74899093,0.091901988,0.112477059,,,
"Hamidou Diallo",25,"WAS","SG",2,5,6.979881999,19.44664933,26.42653133,0.08303324,0.101622771,,,
"Henri Drell",23,"CHI","SF",1,3,23.40075325,1.965488424,25.36624168,0.047268747,0.057000548,,,
"Drew Peterson",24,"BOS","PF",1,3,25.81479504,-2.137756241,23.67703879,0.044792874,0.055651752,,,
"Adama Sanogo",21,"CHI","PF",4,12,13.33823386,6.084376502,19.42261036,0.148674038,0.179283398,,,
"Andrew Funk",24,"CHI","SG",2,3,-3.961114217,20.11517533,16.15406111,0.03161414,0.038122933,,,
"Ryan Rollins",21,"WAS","PG",10,66,2.659383642,8.647615803,11.30699944,0.522,0.639056596,,,
"Shai Gilgeous-Alexander",25,"OKC","PG",66,2274,7.604668376,1.733790478,9.338458854,15.34478959,18.78019025,,,
"Nikola Jokić",28,"DEN","C",65,2227,7.376493418,1.361588541,8.738081959,14.32869277,17.53660906,,,
"Mamadi Diakite",27,"SAS","PF",3,16,8.745450932,-0.012108599,8.733342332,0.102742156,0.125744131,,,
"Joel Embiid",29,"PHI","C",34,1157,7.387933601,0.530969549,7.91890315,6.888464879,8.430658509,,,
"Kawhi Leonard",32,"LAC","SF",60,2056,5.969219116,1.43968208,7.408901196,11.65656933,14.48240432,,,
"Giannis Antetokounmpo",29,"MIL","PF",64,2240,6.583361239,0.789553319,7.372914558,12.61454093,15.43869189,,,
"Donovan Mitchell",27,"CLE","SG",49,1732,4.821097015,1.65909093,6.480187945,8.839919687,10.81900618,,,
"Luka Dončić",24,"DAL","PG",58,2168,6.302582626,0.102488988,6.405071614,11.05742675,13.53297005,,,
"Taze Moore",25,"POR","SG",3,10,1.817691094,4.44829781,6.265988904,0.049585058,0.06068619,,,
"JD Davison",21,"BOS","SG",5,9,6.024440283,-0.452564892,5.571875391,0.041257799,0.051259689,,,
"Kyrie Irving",31,"DAL","SG",45,1539,5.28802702,-0.232273556,5.055753464,6.653241938,8.142773715,,,
"Jayson Tatum",25,"BOS","PF",63,2257,4.037045267,0.973113277,5.010158545,9.622018312,11.95462881,,,
"Jimmy Butler",34,"MIA","PF",47,1605,4.200445239,0.713457664,4.913902903,6.796703109,8.444388712,,,
"Derrick White",29,"BOS","SG",62,2003,2.794107916,2.088730768,4.882838684,8.393428162,10.42819863,,,
"Robert Covington",33,"PHI"," LAC","SF"," PF",29,488,0.062716723,4.637344797,4.70006152,2.004068311,2.460116481,
"Tyrese Haliburton",23,"IND","PG",55,1775,5.583803336,-0.911146624,4.672656712,7.270682575,8.767587811,,,
"Daishen Nix",21,"MIN","PG",12,39,-0.676161707,5.261914706,4.585752999,0.156823661,0.191933435,,,
"Anthony Edwards",22,"MIN","SG",64,2250,3.012467447,1.537170879,4.549638327,9.001076043,11.01624232,,,
"LeBron James",39,"LAL","PF",59,2077,4.377084495,0.162464603,4.539549098,8.297957624,10.00636066,,,
"Oscar Tshiebwe",24,"IND","PF",8,42,3.909561034,0.628433621,4.537994656,0.168785976,0.20353603,,,
"Nate Hinton",24,"HOU","SG",11,58,2.91139324,1.625331759,4.536725,0.231599664,0.283450335,,,
"Jonathan Isaac",26,"ORL","PF",46,695,-0.724943297,4.997311451,4.272368155,2.674319286,3.273047485,,,
"Paul George",33,"LAC","PF",60,2049,2.90306399,1.235233508,4.14,7.76298143,9.644916323,,,
"Tari Eason",22,"HOU","PF",22,480,-0.813076324,4.909300003,4.096223679,1.795838435,2.197891816,,,
"James Johnson",36,"IND","PF",6,32,-2.054891158,6.085817778,4.03092662,0.119267005,0.143821976,,,
"Jalen Brunson",27,"NYK","PG",62,2182,4.613613844,-0.716707888,3.896905956,7.976537989,9.762330076,,,
"Lauri Markkanen",26,"UTA","PF",51,1677,4.435552894,-0.545001174,3.89055172,6.077076892,7.437616495,,,
"Trey Murphy III",23,"NOP","SF",42,1153,2.8315951,1.011726305,3.843321404,4.172842664,5.107061171,,,
"Jaylen Brown",27,"BOS","SF",60,2004,3.448115687,0.206521816,3.654637503,6.99102359,8.685817187,,,
"Kevin Durant",35,"PHO","PF",60,2234,3.481636437,0.170833187,3.652469623,7.803568216,9.550635727,,,
"Kristaps Porziņģis",28,"BOS","C",46,1370,2.727752386,0.921,3.648938724,4.774830835,5.932365583,,,
"Anthony Davis",30,"LAL","C",64,2276,2.148172222,1.367842809,3.516015032,7.761387366,9.359320059,,,
"Devin Booker",27,"PHO","PG",53,1900,4.393713461,-0.969979864,3.423733597,6.388097777,7.818268922,,,
"Terquavion Smith",21,"PHI","PG",12,69,2.34311505,1.043029325,3.386144375,0.231218645,0.282984013,,,
"Jordan McLaughlin",27,"MIN","PG",41,393,0.15469401,3.212521167,3.367215177,1.306594065,1.599115124,,,
"Franz Wagner",22,"ORL","SF",59,1943,2.424398875,0.928179113,3.352577988,6.453528875,7.898348773,,,
"Moussa Diabaté",22,"LAC","C",11,64,2.964350547,0.349338543,3.31368909,0.212124793,0.263548985,,,
"Malcolm Cazalon",22,"DET","SG",1,3,-1.715215499,5.009915783,3.294700284,0.009879453,0.012274472,,,
"De'Anthony Melton",25,"PHI","SG",36,1002,0.874544493,2.325576529,3.200121022,3.250667599,3.978429001,,,
"Collin Sexton",25,"UTA","SG",67,1719,5.186720554,-2.020793495,3.165927058,5.517338567,6.752563619,,,
"OG Anunoby",26,"TOR"," NYK","SF",44,1498,1.156110297,1.919037715,3.075148013,4.754142681,5.818502983,,
"James Harden",34,"LAC","PG",59,2044,2.49590011,0.572364966,3.068265075,6.486246991,8.058670504,,,
"Leonard Miller",20,"MIN","SF",9,30,2.52630114,0.536622944,3.062924084,0.094522497,0.11568425,,,
"Jalen Williams",22,"OKC","PF",60,1901,2.877006755,0.173175851,3.050182606,5.984965013,7.324882553,,,
"DeMar DeRozan",34,"CHI","SF",66,2487,3.788483466,-0.765997478,3.022485988,7.709000963,9.29614822,,,
"Zion Williamson",23,"NOP","PF",56,1731,3.667114547,-0.69933448,2.967780067,5.393097882,6.600507856,,,
"Damian Lillard",33,"MIL","PG",62,2171,3.434829612,-0.472079266,2.962750346,6.736765509,8.244996593,,,
"Khris Middleton",32,"MIL","SF",43,1129,2.793423568,0.116546393,2.90996996,3.469202904,4.245890121,,,
"De'Aaron Fox",26,"SAC","PG",58,2069,2.548102245,0.360195074,2.908297319,6.325404845,7.858836323,,,
"Neemias Queta",24,"BOS","C",24,285,0.514950585,2.36952002,2.884470604,0.868793695,1.079410348,,,
"Herbert Jones",25,"NOP","SF",61,1791,1.093909934,1.782257933,2.876167868,5.485673278,6.713809087,,,
"Amen Thompson",21,"HOU","SF",48,961,-0.042754831,2.887209752,2.84445492,2.907874841,3.558891596,,,
"Fred VanVleet",29,"HOU","PG",60,2209,1.564530476,1.199453884,2.76398436,6.582580443,8.056292482,,,
"T.J. McConnell",31,"IND","PG",57,1014,2.60601456,0.144102591,2.750117152,3.03235456,3.656662852,,,
"Domantas Sabonis",27,"SAC","C",66,2370,2.92044103,-0.201124684,2.719316346,6.990072933,8.684636069,,,
"Mason Jones",25,"SAC","SG",1,13,-1.408024537,4.076646401,2.668621864,0.037966139,0.047170051,,,
"Jamal Murray",26,"DEN","PG",51,1631,2.726096533,-0.068918854,2.657177679,4.790198522,5.862631027,,,
"Gary Payton II",31,"GSW","SG",31,472,0.179558892,2.447184207,2.626743099,1.367184211,1.698622808,,,
"Trayce Jackson-Davis",23,"GSW","PF",53,747,1.748003845,0.830393553,2.578397398,2.143136474,2.66268471,,,
"Josh Minott",21,"MIN","SF",24,67,0.600381289,1.961656909,2.562038198,0.191919467,0.234886512,,,
"Donte DiVincenzo",27,"NYK","SG",66,1775,1.675139521,0.878134193,2.553273713,5.114997493,6.260146185,,,
"Alex Caruso",29,"CHI","SG",59,1640,0.062785626,2.442499076,2.505284702,4.603073844,5.550765518,,,
"Isaiah Hartenstein",25,"NYK","C",61,1520,-0.315651742,2.800672985,2.485021242,4.320411413,5.287667699,,,
"Jordan Walsh",19,"BOS","SF",4,33,-5.810402054,8.292935284,2.48253323,0.093017078,0.115566673,,,
"Mike Conley",36,"MIN","PG",62,1792,1.498129352,0.967435669,2.465565021,5.034320475,6.161407148,,,
"Tyrese Maxey",23,"PHI","PG",58,2161,3.490864082,-1.069675146,2.421188936,6.044127347,7.397290186,,,
"Brandon Ingram",26,"NOP","SF",61,2026,2.675631068,-0.262222798,2.41340827,5.666274833,6.934843826,,,
"Chris Paul",38,"GSW","PG",42,1131,1.217997104,1.138368652,2.356365756,3.101544433,3.853433992,,,
"Jarrett Allen",25,"CLE","C",62,1960,1.073172003,1.281386871,2.354558874,5.381935182,6.586846044,,,
"Karl-Anthony Towns",28,"MIN","PF",60,1969,1.09219255,1.182157347,2.274349897,5.316382755,6.5066177,,,
"Jordan Ford",25,"SAC","PG",6,22,2.804816554,-0.530928921,2.273887633,0.059295319,0.073669942,,,
"Desmond Bane",25,"MEM","SG",38,1309,2.820575457,-0.649280468,2.171294989,3.468190895,4.182230197,,,
"Sidy Cissoko",19,"SAS","SF",6,32,-4.41850269,6.581458816,2.162956126,0.084756274,0.103731559,,,
"Mark Williams",22,"CHO","C",19,508,1.448578493,0.704386536,2.15296503,1.34,1.619081187,,,
"Rudy Gobert",31,"MIN","C",63,2137,-1.02152966,3.161565697,2.140036037,5.605939168,6.861000176,,,
"Alperen Şengün",21,"HOU","C",63,2046,1.813563467,0.274779324,2.088342791,5.306771717,6.494854938,,,
"Ja Morant",24,"MEM","PG",9,318,2.250996058,-0.172223323,2.078772735,0.825670559,0.995661556,,,
"Chet Holmgren",21,"OKC","C",67,2023,0.454251052,1.57509786,2.029348912,5.186906782,6.34815457,,,
"Kentavious Caldwell-Pope",30,"DEN","SG",61,1929,-0.08814174,2.091548202,2.003406463,4.94014698,6.046150036,,,
"Brandin Podziemski",20,"GSW","SG",58,1573,0.593224858,1.40598556,1.999210419,3.993083114,4.961103263,,,
"Scottie Barnes",22,"TOR","SG",60,2094,1.289960417,0.685282791,1.975243208,5.295910782,6.481562449,,,
"Aaron Gordon",28,"DEN","PF",61,1911,1.142331286,0.815782545,1.958113832,4.84,5.928810676,,,
"Michael Porter Jr.",25,"DEN","SF",66,2087,1.363627657,0.581185425,1.944813081,5.274457825,6.455306592,,,
"Matisse Thybulle",26,"POR","SF",63,1475,-1.088467522,3.031977588,1.943510065,3.686590786,4.511946932,,,
"Kevin Love",35,"MIA","PF",47,822,0.539400967,1.377076725,1.916477691,2.063990276,2.564351555,,,
"Dereon Seabron",23,"NOP","SG",6,55,-1.314318292,3.168859109,1.854540816,0.136145704,0.166626086,,,
"Evan Mobley",22,"CLE","PF",38,1183,-0.529282968,2.371205107,1.841922139,2.901767537,3.551416985,,,
"Tobias Harris",31,"PHI","PF",60,2029,1.210643114,0.617816432,1.828459546,4.984368008,6.100271293,,,
"Jose Alvarado",25,"NOP","PG",46,804,-1.215250149,3.04280483,1.827554681,1.977724867,2.420499091,,,
"Pascal Siakam",29,"TOR"," IND","PF",66,2236,2.723295639,-0.928038632,1.795257007,5.43988116,6.614586365,,
"Bogdan Bogdanović",31,"ATL","SG",63,1868,1.69660622,0.002595817,1.699202037,4.44,5.511456032,,,
"Sam Hauser",26,"BOS","SF",65,1374,1.104764911,0.569220793,1.673985704,3.238009258,4.022981199,,,
"Devonte' Graham",28,"SAS","PG",14,115,-0.076568216,1.730310096,1.65374188,0.2709676,0.331631989,,,
"Stephen Curry",35,"GSW","PG",60,1970,3.15830003,-1.504560875,1.653739156,4.612543758,5.730736185,,,
"Grayson Allen",28,"PHO","SG",61,2054,1.376121995,0.219715317,1.595837312,4.756678465,5.82160648,,,
"Jalen Suggs",22,"ORL","SG",60,1603,-0.355074741,1.809117342,1.454042601,3.582135323,4.384105918,,,
"Naji Marshall",26,"NOP","SF",55,1045,0.203379217,1.215637884,1.419017101,2.325029039,2.845557928,,,
"Caris LeVert",29,"CLE","SG",55,1552,0.265528225,1.138876567,1.404404793,3.418787153,4.184187262,,,
"Dereck Lively II",19,"DAL","C",48,1162,0.005790575,1.382574251,1.388364826,2.568847186,3.143962228,,,
"Luke Kornet",28,"BOS","C",48,723,0.715153309,0.654594317,1.369747626,1.578137965,1.960716866,,,
"Joe Ingles",36,"ORL","SF",53,916,0.301355414,0.991578144,1.292933558,1.962457466,2.401813615,,,
"Jusuf Nurkić",29,"PHO","C",63,1724,-1.104327736,2.394329913,1.290002177,3.690640589,4.516903407,,,
"Jalen Johnson",22,"ATL","SF",49,1665,0.667708691,0.619674902,1.287383592,3.561507485,4.424903239,,,
"Daniel Gafford",25,"WAS"," DAL","C"," PF",60,1485,-0.129814246,1.40126849,1.271454243,3.179877203,3.891790009,
"Aaron Nesmith",24,"IND","SF",59,1607,1.177719361,0.027333974,1.205053335,3.377763408,4.073185286,,,
"Victor Wembanyama",20,"SAS","C",59,1705,-2.154570281,3.328359023,1.173788742,3.547505393,4.341723019,,,
"Jeff Dowtin",26,"PHI","PG",4,57,-0.229527816,1.40142399,1.171896173,0.119,0.1450727,,,
"Al Horford",37,"BOS","C",55,1476,-0.317519723,1.487083683,1.16956396,3.0529027,3.793000325,,,
"Jonathan Kuminga",21,"GSW","PF",65,1698,1.271087931,-0.10388622,1.167201712,3.504299385,4.353826509,,,
"Keegan Murray",23,"SAC","SF",61,2014,0.534948551,0.624955329,1.15990388,4.148067641,5.153659796,,,
"CJ McCollum",32,"NOP","PG",51,1597,0.890103233,0.24621053,1.136313763,3.293535267,4.030893909,,,
"Malik Beasley",27,"MIL","SG",64,1900,0.554243168,0.570171921,1.124415089,3.893331342,4.764972687,,,
"Josh Hart",28,"NYK","SF",66,2121,-0.705040538,1.828921187,1.12388065,4.365805734,5.343224929,,,
"Draymond Green",33,"GSW","PF",41,1095,-0.8492458,1.961674574,1.112428774,2.225617941,2.765161684,,,
"Isaiah Jackson",22,"IND","C",49,651,0.304565148,0.776857291,1.081422439,1.322054018,1.594241609,,,
"Isaac Okoro",23,"CLE","SF",58,1584,0.173441247,0.906073775,1.079515021,3.195144569,3.910475443,,,
"Dejounte Murray",27,"ATL","SG",63,2232,2.135632983,-1.065782587,1.069850396,4.496436446,5.586481645,,,
"Dante Exum",28,"DAL","PG",41,787,1.235463581,-0.173526586,1.061936994,1.591858934,1.948245262,,,
"Jrue Holiday",33,"BOS","PG",60,1995,0.05481222,0.975265595,1.030077815,3.967353904,4.929136668,,,
"Julius Randle",29,"NYK","PF",46,1630,1.247589931,-0.22379859,1.023791341,3.26117502,3.991288831,,,
"LaMelo Ball",22,"CHO","PG",22,711,1.604026167,-0.603057214,1.000968953,1.40884977,1.698907075,,,
"Oshae Brissett",25,"BOS","SF",43,466,0.229951381,0.733957949,0.96390933,0.909088894,1.129474081,,,
"Goga Bitadze",24,"ORL","C",53,907,-1.55761476,2.520992227,0.963377467,1.772071843,2.168804345,,,
"Scotty Pippen Jr.",23,"MEM","PG",9,208,-0.051003676,0.996126075,0.945122398,0.404864332,0.488218754,,,
"Max Strus",27,"CLE","SF",60,1932,-0.293569492,1.235478476,0.941908984,3.745159373,4.583627889,,,
"Keon Ellis",24,"SAC","SG",41,539,-0.999860994,1.938688255,0.93882726,1.042141912,1.294782376,,,
"Luguentz Dort",24,"OKC","SF",65,1856,0.164625181,0.754526328,0.91915151,3.579215074,4.380531881,,,
"Delon Wright",31,"WAS"," MIA","PG",36,512,-0.924127143,1.833177417,0.909050274,0.988989368,1.213656036,,
"Mitchell Robinson",25,"NYK","C",21,613,-1.624454818,2.503066805,0.878611987,1.17518162,1.438281983,,,
"Lonnie Walker IV",25,"BRK","SG",46,823,0.743414121,0.133025123,0.876439244,1.569422352,1.920785566,,,
"Devin Vassell",23,"SAS","SG",61,1988,1.574827972,-0.704992698,0.869835274,3.789359811,4.637723948,,,
"Trae Young",25,"ATL","PG",51,1862,3.0837063,-2.222253716,0.861452584,3.528955999,4.384460483,,,
"Bradley Beal",30,"PHO","SG",38,1248,1.629730614,-0.773114081,0.856616533,2.362038982,2.89085368,,,
"Gary Harris",29,"ORL","SG",43,1001,-0.249559088,1.101945914,0.852386826,1.892128464,2.315739314,,,
"Day'Ron Sharpe",22,"BRK","C",50,773,-0.334267247,1.149476917,0.81520967,1.446939352,1.770880998,,,
"Mikal Bridges",27,"BRK","SF",67,2359,1.565919355,-0.760243833,0.805675522,4.40279752,5.388498458,,,
"Micah Potter",25,"UTA","PF",5,47,3.751470469,-2.96,0.795094437,0.087165107,0.106679683,,,
"Jaime Jaquez Jr.",22,"MIA","SF",60,1758,0.064799183,0.715424875,0.780224058,3.265479179,4.057110495,,,
"Nickeil Alexander-Walker",25,"MIN","SG",67,1570,-0.801983004,1.579510166,0.777527162,2.895921851,3.544262564,,,
"Andre Drummond",30,"CHI","C",68,1154,-1.145656839,1.897085177,0.751428338,2.092533763,2.523349538,,,
"Isaiah Joe",24,"OKC","SG",63,1160,0.491986196,0.236554521,0.728540717,2.110440059,2.58292664,,,
"Moritz Wagner",26,"ORL","C",65,1178,1.449653404,-0.787590336,0.662063068,2.098360815,2.568143087,,,
"Immanuel Quickley",24,"TOR"," NYK","PG"," SG",61,1762,1.59971849,-0.986398427,0.613320062,3.101294666,3.795614367,
"Kris Dunn",29,"UTA","PG",58,1078,-0.676603655,1.283747257,0.607143602,1.883431854,2.305095702,,,
"Tre Jones",24,"SAS","PG",62,1652,0.525422378,0.07838644,0.603808818,2.896555314,3.545037847,,,
"DeJon Jarreau",26,"MEM","SG",4,71,-4.206355474,4.779717485,0.57336201,0.12306516,0.148402104,,,
"Duncan Robinson",29,"MIA","SF",61,1736,0.86719214,-0.310174057,0.557018083,3.001777805,3.729481515,,,
"Naz Reid",24,"MIN","C",67,1583,-0.809062224,1.346572939,0.537510716,2.702743483,3.307835307,,,
"Larry Nance Jr.",31,"NOP","C",48,908,-1.158406521,1.688268927,0.529862406,1.555910853,1.904249104,,,
"Aaron Wiggins",25,"OKC","SG",64,923,0.548128261,-0.0224,0.525705316,1.572086473,1.924046131,,,
"Bol Bol",24,"PHO","PF",29,324,0.065881958,0.453136475,0.519018434,0.551,0.673878618,,,
"Dean Wade",27,"CLE","PF",54,1108,-2.400145964,2.915327239,0.515181275,1.877609025,2.297969255,,,
"Thaddeus Young",35,"TOR"," PHO","PF",26,382,0.510018689,0.004103202,0.514121891,0.647147519,0.792031292,,
"Paolo Banchero",21,"ORL","PF",65,2270,0.252461734,0.261227933,0.513689667,3.850731492,4.712835558,,,
"Malcolm Brogdon",31,"POR","PG",39,1121,1.464523974,-0.9659106,0.498613374,1.88032109,2.301288499,,,
"Alex Len",30,"SAC","C",32,277,-2.506999224,2.988365328,0.481366103,0.463269007,0.575576645,,,
"Cam Whitmore",19,"HOU","SF",38,678,0.650153557,-0.19059308,0.459560478,1.127380458,1.379779069,,,
"D'Angelo Russell",27,"LAL","PG",63,2021,1.427371581,-0.995179846,0.432191735,3.329289013,4.014730868,,,
"Kyle Anderson",30,"MIN","PF",64,1442,-1.453204084,1.863799583,0.410595499,2.357406413,2.885183969,,,
"Buddy Hield",31,"IND"," PHI","SF"," SG",69,1848,1.03735922,-0.62982383,0.40753539,3.03551393,3.67423443,
"Malik Monk",25,"SAC","SG",65,1706,1.57762405,-1.175830286,0.401793764,2.775744403,3.448652136,,,
"Bam Adebayo",26,"MIA","C",56,1933,-0.599975949,0.976205862,0.376229912,3.141446726,3.903009569,,,
"Austin Reaves",25,"LAL","SG",68,2159,1.560557432,-1.196042919,0.364514513,3.473101689,4.188152037,,,
"Jonas Valančiūnas",31,"NOP","C",67,1648,-0.130675875,0.461861579,0.331185704,2.635646211,3.225716258,,,
"Vince Williams Jr.",23,"MEM","SG",52,1436,-1.161149842,1.483182869,0.322033027,2.282107198,2.751952798,,,
"Dāvis Bertāns",31,"CHO"," OKC","PF",30,399,0.069328741,0.211765878,0.28109462,0.624972858,0.757712104,,
"Dennis Smith Jr.",26,"BRK","PG",51,995,-1.355587921,1.619177593,0.263589672,1.55,1.894344545,,,
"Royce O'Neale",30,"BRK"," PHO","SF",64,1627,-0.973689569,1.221179335,0.247489766,2.514114526,3.076975987,,
"Brook Lopez",35,"MIL","C",64,1994,-1.214425126,1.448680859,0.234255733,3.068324217,3.755262475,,,
"Cason Wallace",20,"OKC","SG",67,1373,-0.288451834,0.506169393,0.217717559,2.096480228,2.565841473,,,
"Sam Merrill",27,"CLE","SG",49,828,1.246817597,-1.0591336,0.187683998,1.248137648,1.52757145,,,
"Jarred Vanderbilt",24,"LAL","PF",29,581,-2.261151346,2.445332578,0.184181232,0.874742798,1.054836903,,,
"Norman Powell",30,"LAC","SG",65,1687,1.152674641,-0.974,0.178500798,2.549825842,3.16796544,,,
"Simone Fontecchio",28,"UTA"," DET","SF",65,1609,0.810515526,-0.633536509,0.176979016,2.418906795,2.980897444,,
"Jae'Sean Tate",28,"HOU","SF",57,951,-1.774082303,1.931951385,0.157869082,1.417343741,1.734659503,,,
"Moses Moody",21,"GSW","SG",51,906,-0.494098071,0.633422554,0.139324483,1.338421654,1.66288751,,,
"Kenrich Williams",29,"OKC","PF",55,772,-1.186278554,1.314822395,0.128543841,1.139385606,1.394471936,,,
"Myles Turner",27,"IND","C",64,1753,0.091272374,0.009667322,0.100939697,2.571510138,3.100938696,,,
"Josh Giddey",21,"OKC","SG",66,1619,-0.410875247,0.503389825,0.092514578,2.356072134,2.88355097,,,
"Ausar Thompson",21,"DET","SF",63,1583,-1.479718805,1.561565201,0.081846396,2.297403981,2.854350401,,,
"Kevin Huerter",25,"SAC","SG",63,1560,-0.013634877,0.067574416,0.053939539,2.228564531,2.768822599,,,
"John Konchar",27,"MEM","SF",52,1072,-2.30796637,2.355234174,0.047267805,1.534753313,1.850731937,,,
"Gui Santos",21,"GSW","PF",17,147,-0.104330513,0.150800919,0.046470406,0.209372866,0.260129925,,,
"Cameron Johnson",27,"BRK","PF",51,1415,0.597280306,-0.552734465,0.044545841,2.023470625,2.476486436,,,
"Jakob Poeltl",28,"TOR","C",50,1319,-0.658649705,0.684560358,0.025910653,1.86632091,2.28415395,,,
"Dyson Daniels",20,"NOP","PG",52,1139,-2.746104,2.765512823,0.019408823,1.617377744,1.979477238,,,
"Nicolas Batum",35,"PHI"," LAC","PF",46,1131,-1.21674109,1.232419308,0.015678218,1.601191713,1.960710842,,
"Dylan Windler",27,"LAL"," NYK"," ATL","SF",12,40,2.85543256,-2.856304038,-0.000871478,0.056345691,0.067314723,
"Tyler Herro",24,"MIA","SG",36,1209,0.473801283,-0.506016828,-0.032215545,1.680844064,2.088321413,,,
"Terry Rozier",29,"CHO"," MIA","SG"," PG",49,1667,1.282580399,-1.321660248,-0.03907985,2.307873619,2.790080012,
"Kelly Olynyk",32,"UTA"," TOR","C",65,1379,0.888991785,-0.99532856,-0.106336774,1.844262011,2.260489434,,
"Josh Okogie",25,"PHO","SG",54,926,-1.05170455,0.944467043,-0.107237506,1.241691502,1.519682136,,,
"Obi Toppin",25,"IND","PF",68,1480,0.693180175,-0.81179602,-0.118615846,1.984163609,2.392667881,,,
"Rui Hachimura",25,"LAL","PF",54,1391,0.262998748,-0.387038567,-0.124039819,1.849193095,2.22990932,,,
"Eugene Omoruyi",26,"WAS","SF",35,268,0.114232664,-0.241267564,-0.1270349,0.358,0.438135417,,,
"Paul Reed",24,"PHI","C",67,1270,-0.926958026,0.734002064,-0.192955961,1.645737311,2.014185963,,,
"Marcus Smart",29,"MEM","PG",20,605,-2.292710886,2.091795847,-0.200915039,0.78,0.940675461,,,
"Darius Garland",24,"CLE","PG",43,1426,0.020582901,-0.227001852,-0.206418951,1.828365757,2.237701374,,,
"Eric Gordon",35,"PHO","SG",54,1590,-0.054123459,-0.156582203,-0.210705662,2.04,2.494132762,,,
"Payton Pritchard",26,"BOS","PG",66,1352,0.082148273,-0.300290895,-0.218142623,1.724224845,2.142218747,,,
"Caleb Martin",28,"MIA","SF",49,1339,-0.868548601,0.640158132,-0.228390468,1.710518149,2.125189216,,,
"Deandre Ayton",25,"POR","C",45,1454,-0.586308481,0.315162335,-0.271146146,1.802135423,2.205598577,,,
"Ben Simmons",27,"BRK","PG",15,359,-1.655474711,1.308835784,-0.346638927,0.432861297,0.529770543,,,
"Robert Williams",26,"POR","C",6,119,-2.555128352,2.194937586,-0.360190766,0.141464117,0.173135187,,,
"Nic Claxton",24,"BRK","C",57,1684,-1.358598961,0.981012405,-0.377586556,2.000590282,2.448483629,,,
"Jared Butler",23,"WAS","SG",25,224,0.594751644,-0.992104553,-0.397352909,0.264391614,0.323583767,,,
"De'Andre Hunter",26,"ATL","SF",42,1198,0.943044404,-1.366008406,-0.422964001,1.389774994,1.726690144,,,
"Deni Avdija",23,"WAS","SF",63,1830,-0.032015859,-0.403903048,-0.435918907,2.119397166,2.593889069,,,
"Luke Kennard",27,"MEM","SG",36,906,0.914908163,-1.355664001,-0.440755838,1.043586618,1.258442687,,,
"Tyus Jones",27,"WAS","PG",66,1933,1.08968912,-1.569374913,-0.479685793,2.190031656,2.680337251,,,
"Walker Kessler",22,"UTA","C",55,1288,-2.035566745,1.528165111,-0.507401635,1.429857639,1.749975021,,,
"Jaden McDaniels",23,"MIN","SF",57,1654,-1.499826488,0.977028491,-0.522797997,1.821613318,2.229437196,,,
"Ivica Zubac",26,"LAC","C",54,1428,-0.284884597,-0.238314129,-0.523198726,1.582109947,1.965651752,,,
"Anthony Gill",31,"WAS","PF",37,188,-2.957168688,2.421525729,-0.535642959,0.206948436,0.253280175,,,
"Zach LaVine",28,"CHI","SG",25,872,0.45961308,-0.999279491,-0.53966641,0.943462217,1.137704438,,,
"Wendell Carter Jr.",24,"ORL","C",40,1050,-0.382848882,-0.157471357,-0.540320239,1.147660063,1.404598883,,,
"Saddiq Bey",24,"ATL","SF",63,2062,0.671659513,-1.212049015,-0.540389502,2.253492982,2.799794311,,,
"Jared Rhoden",24,"DET","SG",6,42,-1.647837025,1.088662086,-0.559174939,0.045520233,0.056555441,,,
"Miles Bridges",25,"CHO","SF",57,2142,0.113082006,-0.690506252,-0.577424246,2.30295288,2.777090238,,,
"Jalen Smith",23,"IND","C",48,853,1.544206473,-2.126275597,-0.582069124,0.916219698,1.104853166,,,
"Trendon Watford",23,"BRK","PF",49,562,-0.172174179,-0.413414183,-0.585588362,0.600636404,0.735107241,,,
"Derrick Jones Jr.",26,"DAL","SF",62,1464,-0.387604024,-0.201630247,-0.589234271,1.568870525,1.920110194,,,
"Nikola Jović",20,"MIA","PF",32,564,-2.717980365,2.103758575,-0.61422179,0.595343902,0.739669697,,,
"Kelly Oubre Jr.",28,"PHI","SF",54,1591,-0.264087051,-0.354445103,-0.618532155,1.67,2.05,,,
"A.J. Lawson",23,"DAL","SG",32,244,-0.440841497,-0.191693933,-0.632535431,0.255392799,0.312570292,,,
"Bobby Portis",28,"MIL","PF",67,1605,-0.572005282,-0.066040681,-0.638045963,1.667070528,2.040295273,,,
"Gordon Hayward",33,"CHO"," OKC","SF",38,1019,-0.195343223,-0.463734778,-0.659078001,1.04780115,1.263461391,,
"RJ Barrett",23,"TOR"," NYK","SG",53,1675,0.70915252,-1.376873733,-0.667721214,1.709543709,2.092277376,,
"Klay Thompson",33,"GSW","SF",63,1865,0.691204974,-1.372986055,-0.681781082,1.881363457,2.337451568,,,
"Tre Mann",22,"CHO"," OKC","PG",27,557,-1.31042215,0.6275987,-0.682823451,0.56542827,0.680202801,,
"Justin Holiday",34,"DEN","SG",43,629,-1.074134085,0.369270876,-0.704863209,0.631183597,0.772493358,,,
"Chris Boucher",31,"TOR","PF",50,705,-1.047371641,0.317799666,-0.729571975,0.693125641,0.848303024,,,
"Jabari Smith Jr.",20,"HOU","PF",62,1986,-1.850968879,1.112194197,-0.738774682,1.942103741,2.376903086,,,
"Sasha Vezenkov",28,"SAC","PF",35,440,-0.693149203,-0.048967207,-0.742116409,0.428712849,0.532643237,,,
"Tim Hardaway Jr.",31,"DAL","SF",64,1801,0.932266111,-1.675519612,-0.743253501,1.770237487,2.166559313,,,
"Dru Smith",26,"MIA","SG",9,131,-1.510716368,0.766463317,-0.744253051,0.128,0.159631898,,,
"Ayo Dosunmu",24,"CHI","SG",66,1849,-0.100946326,-0.658193529,-0.759139855,1.770662007,2.135210067,,,
"Russell Westbrook",35,"LAC","PG",58,1313,-1.354810411,0.579404047,-0.775406364,1.264261115,1.570748658,,,
"Dwight Powell",32,"DAL","C",54,755,-0.35321544,-0.471687467,-0.824902907,0.706596869,0.864790198,,,
"Markelle Fultz",25,"ORL","PG",29,639,-2.044578365,1.218593512,-0.825984853,0.593941755,0.72691379,,,
"Anfernee Simons",24,"POR","SG",43,1493,1.697544991,-2.550548518,-0.853003527,1.356249584,1.659887551,,,
"Precious Achiuwa",24,"NYK"," TOR","PF"," C",60,1380,-2.069791285,1.210999261,-0.858792023,1.266498687,1.550043169,
"Dominick Barlow",20,"SAS","PF",29,374,-1.090988776,0.207893675,-0.883095101,0.336440877,0.411763461,,,
"Dillon Brooks",28,"HOU","SF",58,1809,-0.838358101,-0.052235298,-0.890593399,1.61204601,1.972951833,,,
"Furkan Korkmaz",26,"PHI","SG",35,300,-1.654534559,0.760265472,-0.894269087,0.267947512,0.327935761,,,
"Jalen Duren",20,"DET","C",51,1523,-0.425625629,-0.481739844,-0.907365473,1.346645174,1.67310461,,,
"Keldon Johnson",24,"SAS","SF",62,1833,0.370622555,-1.295154686,-0.924532131,1.605306887,1.964703951,,,
"Coby White",23,"CHI","PG",66,2425,0.110342792,-1.042688928,-0.932346136,2.084336579,2.513464698,,,
"Jaren Jackson Jr.",24,"MEM","C",58,1860,-1.169335176,0.232483288,-0.936851888,1.613404901,1.945576499,,,
"Sandro Mamukelashvili",24,"SAS","C",37,235,-1.050213601,0.048317825,-1.001895777,0.195369259,0.239108645,,,
"Jalen Green",21,"HOU","SG",67,2081,-0.701538179,-0.303923772,-1.005461951,1.717808512,2.102392507,,,
"Jeenathan Williams",24,"HOU","SG",14,82,-0.11334756,-0.925071045,-1.038418605,0.066144177,0.080952575,,,
"Julian Champagnie",22,"SAS","SF",59,1042,-1.352085025,0.308745585,-1.04333944,0.841478952,1.029869762,,,
"Josh Green",23,"DAL","SG",54,1436,-0.722447828,-0.365589116,-1.088036943,1.126293708,1.378449016,,,
"Jermaine Samuels",25,"HOU","SF",11,53,0.29378713,-1.386672199,-1.09288507,0.041101824,0.050303725,,,
"Monte Morris",28,"MIN"," DET","PG",18,251,-1.747700264,0.650638711,-1.097061553,0.193684009,0.234777604,,
"Xavier Tillman Sr.",25,"MEM"," BOS","C"," PF",40,793,-3.557179431,2.431603485,-1.125575946,0.601115689,0.735373098,
"Clint Capela",29,"ATL","C",58,1475,-0.525437441,-0.611335857,-1.136773298,1.108478744,1.377200863,,,
"Gary Trent Jr.",25,"TOR","SG",60,1645,-0.432,-0.707871506,-1.139995713,1.231414318,1.507104091,,,
"Jerami Grant",29,"POR","PF",54,1830,0.208381769,-1.361352579,-1.15297081,1.350082114,1.652339304,,,
"Cam Thomas",22,"BRK","SG",52,1563,0.786889528,-1.958676302,-1.171786774,1.145164228,1.401544279,,,
"John Collins",26,"UTA","PF",62,1754,-0.495360607,-0.700957134,-1.196317741,1.256547005,1.537863499,,,
"Cole Anthony",23,"ORL","PG",66,1512,-1.891092485,0.682231817,-1.208860668,1.073998313,1.314445696,,,
"Otto Porter Jr.",30,"TOR","SF",15,174,-2.172317941,0.961084571,-1.211233371,0.123168406,0.150743422,,,
"Kris Murray",23,"POR","SF",47,835,-2.268328302,1.040638863,-1.227689439,0.580526449,0.710495056,,,
"Jock Landale",28,"HOU","C",41,422,-1.919489087,0.676279626,-1.24320946,0.291,0.356157041,,,
"Dorian Finney-Smith",30,"BRK","PF",58,1644,-1.683404713,0.423525982,-1.259878731,1.12148099,1.372558823,,,
"Onyeka Okongwu",23,"ATL","C",53,1367,-0.255456833,-1.011006744,-1.266463577,0.925840712,1.150286945,,,
"Trey Lyles",28,"SAC","PF",49,968,-1.436371667,0.16219922,-1.274172447,0.649298416,0.806704093,,,
"Jaylin Williams",21,"OKC","C",55,683,-2.500645531,1.219028078,-1.281617453,0.456700318,0.558946658,,,
"Terance Mann",27,"LAC","SG",60,1519,-0.331279958,-0.966929517,-1.298209476,1.005918956,1.249778097,,,
"Ben Sheppard",22,"IND","SG",43,542,-1.159964158,-0.160029802,-1.31999396,0.352151862,0.424653716,,,
"Andrew Wiggins",28,"GSW","SF",57,1531,-0.338301203,-0.984561069,-1.322862271,0.984403939,1.223047318,,,
"Jarace Walker",20,"IND","PF",26,266,-2.583730135,1.237510193,-1.346219941,0.168815267,0.203571352,,,
"Ish Wainright",29,"POR"," PHO","SF",8,57,-3.134248736,1.771253813,-1.362994923,0.035134797,0.043000796,,
"Seth Curry",33,"DAL"," CHO","SG",44,616,-1.412550415,0.023212164,-1.389338251,0.375872338,0.457859091,,
"Jontay Porter",24,"TOR","PF",23,314,-2.749673462,1.358473145,-1.391200317,0.18997147,0.232502396,,,
"Spencer Dinwiddie",30,"BRK"," LAL","PG",62,1802,-0.777754005,-0.620257565,-1.398011571,1.087605974,1.33743959,,
"Cam Reddish",24,"LAL","SF",40,886,-2.130160423,0.726067743,-1.40409268,0.529565638,0.638593857,,,
"Evan Fournier",31,"DET"," NYK","SG",17,261,-1.833881264,0.419876911,-1.414004352,0.154657251,0.193387441,,
"Haywood Highsmith",27,"MIA","PF",50,962,-3.022438196,1.591262339,-1.431175857,0.563498934,0.700104737,,,
"Talen Horton-Tucker",23,"UTA","PG",43,841,-0.899633749,-0.536643803,-1.436277552,0.487141583,0.596203132,,,
"Cade Cunningham",22,"DET","PG",56,1885,0.271333828,-1.730488081,-1.459154253,1.070450223,1.329953307,,,
"Lamar Stevens",26,"MEM"," BOS","PF",31,382,-2.779250999,1.296167613,-1.483083386,0.211441309,0.258060785,,
"Mason Plumlee",33,"LAC","C",32,497,-1.192464586,-0.292095854,-1.48456044,0.275863404,0.34273938,,,
"Trevelin Queen",26,"ORL","SG",13,163,-3.441327516,1.935477299,-1.505850218,0.088070584,0.107787879,,,
"Peyton Watson",21,"DEN","SF",65,1199,-2.376712201,0.850057351,-1.52665485,0.636503355,0.779004106,,,
"Jabari Walker",21,"POR","SF",58,1276,-1.40385788,-0.126991622,-1.530849503,0.667053255,0.816393536,,,
"Miles McBride",23,"NYK","PG",54,814,-0.768332295,-0.789068205,-1.5574005,0.418378075,0.512044808,,,
"Svi Mykhailiuk",26,"BOS","SF",27,207,-1.432048764,-0.125639559,-1.557688323,0.105526372,0.131108523,,,
"Braxton Key",26,"DEN","SF",17,55,-1.597046224,0.026489618,-1.570556606,0.027808775,0.03403462,,,
"T.J. Warren",30,"MIN","SF",5,80,-3.809442319,2.233538601,-1.575903718,0.039955028,0.048900183,,,
"Dennis Schröder",30,"TOR"," BRK","PG",67,2042,-0.223836147,-1.358363362,-1.582199508,1.01128621,1.23769357,,
"Saben Lee",24,"PHO","PG",21,178,-1.838147887,0.255766138,-1.582381748,0.088377234,0.108163182,,,
"Dario Šarić",29,"GSW","C",61,1074,-0.474220309,-1.130778718,-1.604999027,0.517665095,0.643159663,,,
"Brandon Miller",21,"CHO","SF",61,1944,-0.760943823,-0.852995393,-1.613939216,0.933006832,1.125096474,,,
"Harrison Barnes",31,"SAC","PF",66,1943,-0.217085442,-1.401501908,-1.61858735,0.921456027,1.144839307,,,
"Kyle Lowry",37,"MIA"," PHI","PG",48,1351,-2.289479855,0.661522027,-1.627957829,0.638400274,0.79230106,,
"Nikola Vučević",33,"CHI","C",63,2171,-0.880150167,-0.752185641,-1.632335808,1.005203211,1.212156813,,,
"Craig Porter Jr.",23,"CLE","PG",43,578,-1.579416508,-0.056857611,-1.636274119,0.268731434,0.328895187,,,
"Amir Coffey",26,"LAC","SF",54,1027,-0.106097626,-1.530867642,-1.636965268,0.480031808,0.596403156,,,
"Keita Bates-Diop",28,"PHO"," BRK","SF",51,658,-1.634693659,-0.002947572,-1.637641231,0.305773582,0.374230354,,
"Pat Connaughton",31,"MIL","SF",61,1332,-0.841385698,-0.832090597,-1.673476295,0.592798102,0.725514095,,,
"Kevon Looney",27,"GSW","C",62,1050,-1.38510089,-0.290055407,-1.675156297,0.464064751,0.576565296,,,
"Quentin Grimes",23,"NYK"," DET","SG",51,1025,-1.649344959,-0.030915714,-1.680260672,0.455638439,0.552373572,,
"Jaden Ivey",21,"DET","SG",62,1775,-0.584646775,-1.105335625,-1.6899824,0.773100816,0.960519196,,,
"Dalen Terry",21,"CHI","SG",45,450,-2.915479155,1.194066806,-1.72141235,0.185650591,0.223872771,,,
"Santi Aldama",23,"MEM","PF",55,1430,-2.419062241,0.693482462,-1.725579779,0.593736235,0.715976048,,,
"Matt Ryan",26,"NOP","SF",20,354,-0.437989043,-1.310616623,-1.748605666,0.142739405,0.174695988,,,
"Bruce Brown",27,"IND"," TOR","SG"," PG",55,1563,-1.357951068,-0.406999023,-1.764950091,0.620459628,0.734031877,
"Josh Richardson",30,"MIA","SG",43,1103,-1.210589896,-0.58430302,-1.794892916,0.41537894,0.516076864,,,
"Stanley Umude",24,"DET","SG",21,232,-1.713811106,-0.083164795,-1.7969759,0.086817392,0.107864033,,,
"Toumani Camara",23,"POR","PF",64,1570,-2.723817925,0.902868513,-1.820949412,0.561631198,0.687369525,,,
"Isaiah Stewart",22,"DET","PF",44,1370,-2.022282857,0.187027218,-1.835255639,0.482607194,0.599602878,,,
"Patrick Williams",22,"CHI","PF",43,1174,-2.463293892,0.617776489,-1.845517402,0.401810966,0.484536753,,,
"Aaron Holiday",27,"HOU","PG",64,1041,-1.832701975,-0.037411552,-1.870113527,0.344865462,0.422074148,,,
"Collin Gillespie",24,"DEN","PG",19,161,-2.101074432,0.210287745,-1.890786686,0.051753582,0.063340204,,,
"James Bouknight",23,"CHO","SG",14,81,1.192212349,-3.098742931,-1.906530582,0.025266054,0.030467888,,,
"Charles Bassey",23,"SAS","C",19,205,-3.38127952,1.46402561,-1.91725391,0.06267977,0.076712554,,,
"Jeremiah Robinson-Earl",23,"NOP","PF",29,287,-1.873257255,-0.049970467,-1.923227722,0.086901902,0.106357552,,,
"Jacob Gilyard",25,"MEM","PG",37,654,-1.307875292,-0.722464764,-2.030340056,0.157263487,0.189641263,,,
"Chris Duarte",26,"SAC","SF",46,588,-2.084766792,0.046776453,-2.037990338,0.138143449,0.17163277,,,
"P.J. Washington",25,"CHO"," DAL","PF",59,1761,-2.313882492,0.222022779,-2.091859714,0.363385762,0.446991663,,
"Mouhamadou Gueye",25,"TOR","PF",2,10,-9.821677596,7.683383435,-2.138294161,0.001780048,0.002178566,,,
"Marvin Bagley III",24,"DET"," WAS","C",44,932,-0.030748198,-2.11239285,-2.143141048,0.164412443,0.200755533,,
"Cody Martin",28,"CHO","SF",28,753,-2.88238916,0.738480941,-2.14390822,0.132239492,0.15946527,,,
"Marcus Sasser",23,"DET","PG",57,941,-1.02012009,-1.14616165,-2.166281739,0.152911134,0.1899805,,,
"Blake Wesley",20,"SAS","SG",46,617,-0.986819217,-1.186810199,-2.173629416,0.097820894,0.119721095,,,
"Duop Reath",27,"POR","C",53,937,-0.873844474,-1.341597499,-2.215441973,0.124896685,0.15285863,,,
"Bennedict Mathurin",21,"IND","SF",59,1538,-0.018251714,-2.203576916,-2.22182863,0.201589763,0.243093538,,,
"Christian Braun",22,"DEN","SG",67,1289,-2.099184233,-0.124999647,-2.224183881,0.167202866,0.204636343,,,
"Danuel House Jr.",30,"PHI","SF",34,509,-1.551760475,-0.672965042,-2.224725517,0.065764389,0.08048776,,,
"Ricky Council IV",22,"PHI","SG",22,202,1.094036838,-3.339009173,-2.244972335,0.023750613,0.029067914,,,
"Troy Brown Jr.",24,"MIN"," DET","SF",44,495,-1.23134939,-1.01694424,-2.24829363,0.056377081,0.065218771,,
"Justin Champagnie",22,"WAS","SF",5,44,-2.958281666,0.683505457,-2.274776209,0.004427267,0.005418446,,,
"Jordan Clarkson",31,"UTA","SG",54,1649,0.306397308,-2.58211211,-2.275714802,0.164013378,0.200732791,,,
"GG Jackson II",19,"MEM","PF",34,758,-1.515031432,-0.785691911,-2.300723343,0.064762142,0.078095524,,,
"Tristan Thompson",32,"CLE","C",37,461,-2.281814633,-0.028009391,-2.309824024,0.036864914,0.045118253,,,
"Corey Kispert",24,"WAS","SF",65,1521,0.275775903,-2.599330647,-2.323554745,0.110374893,0.13508569,,,
"Bruno Fernando",25,"ATL","C",29,374,-3.238515034,0.897348893,-2.341166141,0.023241787,0.02887616,,,
"Alec Burks",32,"DET"," NYK","SG",58,1118,-0.122751616,-2.21871452,-2.341466136,0.065592047,0.096452311,,
"Jordan Nwora",25,"TOR"," IND","SF",38,434,-0.99511347,-1.356244086,-2.351357556,0.024058236,0.030447233,,
"Kessler Edwards",23,"SAC","SF",42,195,-1.888790933,-0.488547633,-2.377338566,0.00806,0.010008277,,,
"A.J. Green",24,"MIL","SG",44,446,0.090987459,-2.47939344,-2.388405981,0.015682439,0.019193433,,,
"Cameron Payne",29,"MIL"," PHI","PG",63,1029,-0.612962842,-1.779376411,-2.392339253,0.033678394,0.041218333,,
"Kevin Knox",24,"DET","SF",31,560,-1.216494513,-1.228213379,-2.444707892,0.001614695,0.002006137,,,
"Daniel Theis",31,"LAC"," IND","C",51,862,-2.079165772,-0.370669239,-2.449835011,-0.0000511,0.002169728,,
"Andrew Nembhard",24,"IND","PG",54,1302,-1.371453773,-1.135170009,-2.506623782,-0.042596015,-0.051365782,,,
"Cody Zeller",31,"NOP","C",39,301,-2.859854255,0.300024447,-2.559829809,-0.019057423,-0.023324011,,,
"Caleb Houstan",21,"ORL","SF",50,701,-1.355466713,-1.220303351,-2.575770064,-0.050573584,-0.061896028,,,
"Jahmi'us Ramsey",22,"TOR","SG",3,43,-2.713535955,0.113000356,-2.600535599,-0.003706097,-0.00453582,,,
"Taylor Hendricks",20,"UTA","PF",25,454,-3.097026406,0.49391213,-2.603114276,-0.039798611,-0.048708747,,,
"Cedi Osman",28,"SAS","SF",63,1099,-0.979916959,-1.632638097,-2.612555056,-0.102746268,-0.125749164,,,
"Kenyon Martin Jr.",23,"PHI"," LAC","SF",50,578,-1.921275521,-0.728362804,-2.649638325,-0.066393342,-0.081842228,,
"Danilo Gallinari",35,"WAS"," MIL"," DET","PF"," SF",43,569,-0.507618136,-2.154017369,-2.661635506,-0.070024748,-0.075553093
"Jamal Cain",24,"MIA","PF",17,226,-2.894245234,0.225051288,-2.669193945,-0.028522486,-0.035437027,,,
"Orlando Robinson",23,"MIA","C",28,276,-3.111037403,0.417435691,-2.693601712,-0.038706843,-0.04809032,,,
"Patrick Baldwin Jr.",21,"WAS","SF",24,203,-3.646677676,0.895329047,-2.751348629,-0.035211476,-0.043094642,,,
"Torrey Craig",33,"CHI","SF",39,805,-1.930884624,-0.836101868,-2.766986492,-0.144662027,-0.174445386,,,
"Keon Johnson",21,"BRK","SG",4,51,-0.730677893,-2.036676063,-2.767353956,-0.009286836,-0.011365978,,,
"Shaedon Sharpe",20,"POR","SG",32,1059,-1.775445793,-0.994604691,-2.770050484,-0.192982384,-0.236187395,,,
"Jae Crowder",33,"MIL","PF",36,858,-2.584808898,-0.187213439,-2.772022338,-0.158533761,-0.194026394,,,
"Chimezie Metu",26,"PHO","C",37,447,-2.458891836,-0.334799859,-2.793691696,-0.088009831,-0.107713524,,,
"JaVale McGee",36,"SAC","C",40,315,-2.69345548,-0.108177176,-2.801632656,-0.063247896,-0.078580719,,,
"Onuralp Bitim",24,"CHI","SG",12,175,-2.142156059,-0.670670905,-2.812826963,-0.035992343,-0.043402531,,,
"Jake LaRavia",22,"MEM","PF",23,414,-2.868392749,0.044158122,-2.824234627,-0.0889,-0.107195865,,,
"Kobe Bufkin",20,"ATL","SG",9,89,-2.762783031,-0.119719705,-2.882502736,-0.022045745,-0.027390167,,,
"Jaden Springer",21,"PHI"," BOS","SG"," PG",40,399,-3.581364177,0.681883131,-2.899481046,-0.102648347,-0.127152071,
"Derrick Rose",35,"MEM","PG",24,399,-1.560107748,-1.344935395,-2.905043143,-0.104159815,-0.125604483,,,
"Christian Wood",28,"LAL","PF",50,872,-3.710678139,0.779386702,-2.931291437,-0.240028738,-0.289446419,,,
"Wendell Moore Jr.",22,"MIN","SG",17,50,-5.951132858,2.996315249,-2.954817609,-0.014433871,-0.017665335,,,
"Vasilije Micić",30,"CHO"," OKC","PG",47,810,-2.074926795,-0.909345886,-2.98427268,-0.248407001,-0.301755501,,
"Nick Richards",26,"CHO","C",58,1541,-2.132557844,-0.860553157,-2.993111001,-0.480826191,-0.579819819,,,
"Jordan Goodwin",25,"PHO"," MEM","PG",48,782,-3.498918892,0.475855561,-3.023063331,-0.256345796,-0.312492018,,
"Lester Quinones",23,"GSW","SG",30,358,-1.920651256,-1.110009578,-3.030660834,-0.118665401,-0.147432771,,,
"Killian Hayes",22,"DET","PG",42,1008,-2.762926194,-0.282808187,-3.045734382,-0.344404331,-0.42789629,,,
"Kyle Kuzma",28,"WAS","PF",65,2092,-1.03780822,-2.031808841,-3.069617061,-0.745778509,-0.912743847,,,
"Bojan Bogdanović",34,"DET"," NYK","PF"," SF",42,1240,-0.596539106,-2.508771354,-3.10531046,-0.469,-0.571192042,
"Skylar Mays",26,"POR"," LAL","PG"," SG",33,421,-1.928543943,-1.181235325,-3.109779269,-0.157647447,-0.194624143,
"Jeremy Sochan",20,"SAS","PF",67,1981,-2.644673737,-0.475924798,-3.120598535,-0.763104958,-0.933949352,,,
"Izaiah Brockington",24,"NOP","PG",1,3,-1.171339477,-1.966599403,-3.13793888,-0.001187347,-0.001453171,,,
"Georges Niang",30,"CLE","PF",67,1468,-2.747272397,-0.393058381,-3.140330778,-0.579429987,-0.709153118,,,
"Grant Williams",25,"DAL"," CHO","PF",64,1762,-2.493781731,-0.649867876,-3.143649608,-0.705336002,-0.869635768,,
"Jordan Hawkins",21,"NOP","SG",57,1085,-1.5234238,-1.624872049,-3.148295849,-0.435886378,-0.533472881,,,
"Taurean Prince",29,"LAL","PF",65,1839,-2.720097773,-0.443754497,-3.16385227,-0.750674353,-0.905224955,,,
"Jaxson Hayes",23,"LAL","C",57,668,-2.715316021,-0.449177936,-3.164493957,-0.272920641,-0.329110185,,,
"Jerome Robinson",26,"GSW","SG",17,65,-3.643622264,0.462232605,-3.181389659,-0.027135654,-0.033713994,,,
"Reggie Bullock",32,"HOU","SF",29,269,-3.098533698,-0.084794816,-3.183328514,-0.112786949,-0.138037759,,,
"Jason Preston",24,"UTA","PG",3,26,-2.562326575,-0.626173895,-3.18850047,-0.010978197,-0.013436003,,,
"Patrick Beverley",35,"PHI"," MIL","PG",62,1205,-2.747488093,-0.473042761,-3.220530854,-0.532814518,-0.652039991,,
"Leaky Black",24,"CHO","SF",22,218,-2.60537399,-0.685691472,-3.291065462,-0.105,-0.127002945,,,
"Olivier Sarr",24,"OKC","C",14,95,-3.422052864,0.128438923,-3.293613941,-0.045890792,-0.05616485,,,
"Marcus Morris",34,"PHI","PF",37,637,-2.407792726,-0.888886085,-3.296678811,-0.309784717,-0.379139504,,,
"Landry Shamet",26,"WAS","SG",46,726,-1.750367796,-1.562770957,-3.313138753,-0.360487469,-0.441193618,,,
"Ziaire Williams",22,"MEM","SF",51,1038,-3.041683775,-0.305811897,-3.347495673,-0.534294886,-0.644296774,,,
"Reggie Jackson",33,"DEN","PG",67,1474,-1.794758549,-1.574869146,-3.369627695,-0.78,-0.954,,,
"Filip Petrušev",23,"SAC"," PHI","C",3,10,-3.240125297,-0.188906395,-3.429031691,-0.005556751,-0.00699502,,
"Nassir Little",23,"PHO","SF",36,430,-2.327650415,-1.141271171,-3.468921586,-0.250867373,-0.30703171,,,
"Jordan Poole",24,"WAS","SG",65,1898,-1.898414462,-1.570984674,-3.469399136,-1.112994886,-1.362172846,,,
"Kevon Harris",26,"ORL","SG",2,6,-3.611150867,0.111945242,-3.499205626,-0.003604488,-0.004411463,,,
"Jaden Hardy",21,"DAL","SG",59,834,-1.132074253,-2.423864463,-3.555938716,-0.531392903,-0.650361463,,,
"MarJon Beauchamp",23,"MIL","SF",45,589,-2.135268038,-1.422666803,-3.557934841,-0.374220046,-0.458000654,,,
"Jaylen Nowell",24,"MEM","SG",9,156,-2.940840575,-0.617920869,-3.558761444,-0.099195009,-0.119617511,,,
"Anthony Black",20,"ORL","PG",60,1090,-4.131949061,0.56203923,-3.569909831,-0.69893121,-0.855408347,,,
"Lindy Waters III",26,"OKC","SG",28,186,-1.218597058,-2.367572906,-3.586169964,-0.120998412,-0.148087609,,,
"Terry Taylor",24,"CHI","PF",27,174,-3.228124788,-0.383463748,-3.611588536,-0.114513889,-0.138090278,,,
"Jalen Wilson",23,"BRK","PF",29,412,-1.756408269,-1.870540562,-3.626948831,-0.278064982,-0.340318337,,,
"Drew Eubanks",26,"PHO","C",61,959,-2.899707305,-0.74775519,-3.647462496,-0.657504631,-0.804707161,,,
"Bilal Coulibaly",19,"WAS","SF",63,1715,-3.214570618,-0.449449157,-3.664019775,-1.19763551,-1.465762864,,,
"Usman Garuba",21,"GSW","PF",3,8,-4.527527232,0.823456117,-3.704071114,-0.005725657,-0.007113695,,,
"Trey Jemison",24,"MEM"," WAS","C",15,290,-3.539063318,-0.265898421,-3.80496174,-0.225390041,-0.272106311,,
"Johnny Juzang",22,"UTA","SG",8,102,-1.203730026,-2.610562091,-3.814292117,-0.079550639,-0.097360484,,,
"Jericho Sims",25,"NYK","C",38,517,-2.93841013,-0.880133723,-3.818543852,-0.408,-0.498869757,,,
"Jeff Green",37,"HOU","PF",63,1029,-2.883117272,-0.972763522,-3.855880795,-0.826984816,-1.01213067,,,
"James Wiseman",22,"DET","C",47,697,-2.006091609,-1.858982703,-3.865074312,-0.565531352,-0.702629862,,,
"Shake Milton",27,"MIN"," DET"," NYK","SG",44,559,-3.379544608,-0.512351067,-3.891895676,-0.461184068,-0.565332485,
"Thomas Bryant",26,"MIA","C",29,306,-2.791173628,-1.11644989,-3.907623518,-0.256552157,-0.318746619,,,
"Jevon Carter",28,"CHI","PG",64,880,-3.670197824,-0.245590122,-3.915787946,-0.730785727,-0.881241612,,,
"Luka Garza",25,"MIN","C",16,63,0.601817729,-4.570468906,-3.968651177,-0.054692305,-0.06693685,,,
"Richaun Holmes",30,"DAL"," WAS","C"," PF",34,409,-2.627624739,-1.34526934,-3.972894079,-0.358913372,-0.439267112,
"Gabe Vincent",27,"LAL","PG",5,127,-3.737723956,-0.24663242,-3.984356375,-0.111405365,-0.134341764,,,
"Doug McDermott",32,"SAS"," IND","SF",52,766,-0.922794583,-3.070120853,-3.992915436,-0.679119655,-0.826970001,,
"Dalano Banton",24,"POR"," BOS","PG",40,574,-2.714019434,-1.282159151,-3.996178586,-0.505941327,-0.62309364,,
"Mo Bamba",25,"PHI","C",45,545,-4.573522354,0.554117861,-4.019404492,-0.491214613,-0.601188034,,,
"Max Christie",20,"LAL","SG",54,843,-3.529731938,-0.49482137,-4.024553308,-0.758855682,-0.915090675,,,
"Jules Bernard",24,"WAS","SG",10,43,-2.490426299,-1.55271375,-4.043140048,-0.039403505,-0.048225185,,,
"Ochai Agbaji",23,"UTA"," TOR","SG",66,1296,-3.257165085,-0.824980395,-4.08214548,-1.209167021,-1.479876056,,
"Chuma Okeke",25,"ORL","SF",39,397,-3.605819442,-0.477666723,-4.083486165,-0.37127769,-0.454399561,,,
"Andre Jackson Jr.",22,"MIL","SG",49,511,-2.544639286,-1.59489138,-4.139530666,-0.495050047,-0.605882147,,,
"Bryce McGowens",21,"CHO","SG",50,789,-2.735328024,-1.51239491,-4.247722934,-0.81461091,-0.982324921,,,
"Ousmane Dieng",20,"OKC","PF",30,338,-2.580044981,-1.686382324,-4.266427305,-0.351496157,-0.430189327,,,
"Maxi Kleber",32,"DAL","C",30,630,-3.952584581,-0.325427547,-4.278012128,-0.663433744,-0.811963687,,,
"Keyonte George",20,"UTA","PG",60,1559,-1.540861869,-2.742222771,-4.28308464,-1.633591274,-1.999320663,,,
"Matthew Hurt",23,"MEM","PF",8,113,-3.894556633,-0.409418336,-4.303974969,-0.12,-0.144868194,,,
"Bismack Biyombo",31,"MEM"," OKC","C",35,750,-5.002828328,0.637399028,-4.3654293,-0.823582334,-0.995344413,,
"Jay Huff",25,"DEN","C",14,36,-1.02328877,-3.370552826,-4.393841596,-0.040249724,-0.049260856,,,
"Julian Phillips",20,"CHI","SF",40,323,-3.279640902,-1.115282402,-4.394923303,-0.355895164,-0.429167698,,,
"Garrison Mathews",27,"ATL","SG",50,670,-2.346467284,-2.096014449,-4.442481733,-0.764203109,-0.949464468,,,
"Armoni Brooks",25,"BRK","PG",10,104,-3.865059806,-0.587982357,-4.453042162,-0.119446932,-0.146188782,,,
"Julian Strawther",21,"DEN","SF",41,497,-2.792263529,-1.683697977,-4.475961507,-0.579141567,-0.708800127,,,
"Gradey Dick",20,"TOR","SG",46,839,-2.294483159,-2.295999294,-4.590482453,-1.026548507,-1.2563728,,,
"Bones Hyland",23,"LAC","PG",28,411,-3.326651346,-1.273009013,-4.599660359,-0.508,-0.63134289,,,
"Aleksej Pokusevski",22,"CHO"," OKC","PF",15,142,-5.129136615,0.524955067,-4.604181549,-0.174441966,-0.217413205,,
"Dexter Dennis",24,"DAL","SG",4,30,-1.745792961,-2.922955863,-4.668748824,-0.038343906,-0.046928362,,,
"Jett Howard",20,"ORL","SF",13,49,-2.790099645,-1.930340192,-4.720439838,-0.063691194,-0.077950417,,,
"Wesley Matthews",37,"ATL","SG",26,285,-4.042659953,-0.679142584,-4.721802537,-0.370636389,-0.460487635,,,
"Ashton Hagans",24,"POR","PG",13,215,-5.37072164,0.624090205,-4.746631435,-0.280948438,-0.343847343,,,
"David Roddy",22,"MEM"," PHO","PF",58,1155,-4.107824079,-0.640289362,-4.748113442,-1.521677881,-1.839048485,,
"P.J. Tucker",38,"LAC"," PHI","PF",20,319,-4.796581499,0.022883385,-4.773698114,-0.426499782,-0.531902731,,
"Damian Jones",28,"CLE","C",31,230,-3.859608989,-0.915101964,-4.774710952,-0.305631717,-0.374056728,,,
"Vit Krejci",23,"ATL","PG",6,110,-4.196927292,-0.591792937,-4.788720229,-0.14726588,-0.1829667,,,
"Colby Jones",21,"SAC","SG",19,126,-4.654190783,-0.282091669,-4.936282452,-0.178767741,-0.222105375,,,
"Danny Green",36,"PHI","SG",2,18,-6.434906574,1.344202715,-5.090703859,-0.027296228,-0.033407323,,,
"DeAndre Jordan",35,"DEN","C",29,327,-3.610493392,-1.537980251,-5.148473643,-0.507515222,-0.621138033,,,
"Olivier-Maxence Prosper",21,"DAL","PF",33,260,-3.319342626,-1.850811949,-5.170154576,-0.407403184,-0.498612853,,,
"Patty Mills",35,"ATL"," MIA","PG",23,261,-4.846081689,-0.326292009,-5.172373698,-0.406478197,-0.505018367,,
"Malachi Flynn",25,"TOR"," DET"," NYK","PG",55,609,-3.91647919,-1.296836951,-5.213316141,-0.963341878,-1.184357256,
"Tosan Evbuomwan",22,"MEM"," DET","SF",7,91,-2.687210691,-2.52957322,-5.21678391,-0.144378879,-0.172218386,,
"Zach Collins",26,"SAS","C",55,1257,-3.053816582,-2.214380568,-5.26819715,-2.034296987,-2.489736611,,,
"Trent Forrest",25,"ATL","SG",28,287,-2.813234406,-2.523782308,-5.337016714,-0.474299996,-0.589281813,,,
"Noah Clowney",19,"BRK","PF",10,86,-2.079380295,-3.283367523,-5.362747818,-0.143626685,-0.175781913,,,
"Justin Minaya",24,"POR","SF",24,192,-5.172462324,-0.292542108,-5.465004432,-0.329362551,-0.403100435,,,
"Rayan Rupert",19,"POR","SG",24,223,-3.71887965,-1.78887744,-5.50775709,-0.387964823,-0.47482262,,,
"Cory Joseph",32,"GSW","PG",26,296,-4.219142215,-1.336964505,-5.556106719,-0.524646861,-0.651833979,,,
"JT Thor",21,"CHO","PF",51,632,-5.21162671,-0.404821768,-5.616448479,-1.149244837,-1.385854068,,,
"Kendall Brown",20,"IND","SG",9,32,-0.370505322,-5.303960374,-5.674465696,-0.059346335,-0.071564698,,,
"Isaiah Mobley",24,"CLE","PF",6,51,-4.381024059,-1.394725671,-5.77574973,-0.096949731,-0.118654894,,,
"Jalen Pickett",24,"DEN","SG",21,108,-3.751772166,-2.041264993,-5.793037159,-0.207653835,-0.254143499,,,
"Brice Sensabaugh",20,"UTA","SF",17,249,-3.036242904,-2.878427712,-5.914670616,-0.493113387,-0.603511906,,,
"Zeke Nnaji",23,"DEN","PF",52,512,-5.059918503,-0.867391767,-5.92731027,-1.023969648,-1.253216584,,,
"Chris Livingston",20,"MIL","SF",16,69,-4.815575483,-1.162507196,-5.978082679,-0.139577308,-0.17082596,,,
"Davion Mitchell",25,"SAC","PG",56,764,-3.372190976,-2.607869641,-5.980060617,-1.538969843,-1.912053441,,,
"Yuta Watanabe",29,"PHO"," MEM","SF",34,464,-4.646137579,-1.341037768,-5.987175347,-0.939970194,-1.145965077,,
"Kenneth Lofton Jr.",21,"MEM"," PHI","PF",17,108,-6.508929798,0.521410745,-5.987519054,-0.219344586,-0.267867968,,
"Luka Šamanić",24,"UTA","PF",33,237,-5.001182202,-1.00732386,-6.008506062,-0.482059539,-0.589983317,,,
"Garrett Temple",37,"TOR","SG",16,69,-4.143990222,-1.94567398,-6.089664202,-0.143547066,-0.175684468,,,
"Jalen McDaniels",26,"TOR","SF",38,365,-5.502833675,-0.643021084,-6.145854759,-0.771065365,-0.943691939,,,
"Joe Harris",32,"DET","SG",16,170,-4.072568617,-2.222346056,-6.294914673,-0.374739431,-0.465585353,,,
"Harry Giles",25,"BRK"," LAL","C",20,88,-2.763282578,-3.541198624,-6.304481202,-0.194145015,-0.235593632,,
"E.J. Liddell",23,"NOP","PF",8,23,-11.8274089,5.515197763,-6.312211138,-0.051089807,-0.062527823,,,
"Udoka Azubuike",24,"PHO","C",14,107,-3.944531022,-2.420720528,-6.36525155,-0.239825674,-0.293517989,,,
"Omer Yurtseven",25,"UTA","C",36,335,-4.407811145,-1.968098309,-6.375909454,-0.751738363,-0.920037997,,,
"Javon Freeman-Liberty",24,"TOR","PG",7,71,-4.086877326,-2.640964933,-6.727842259,-0.17360505,-0.212471853,,,
"Nick Smith Jr.",19,"CHO","SG",42,629,-3.775915688,-2.994339728,-6.770255416,-1.560534998,-1.881821615,,,
"Mike Muscala",32,"WAS"," DET"," OKC","C",42,530,-5.00236208,-1.802787216,-6.805149296,-1.327342044,-1.622760236,
"Isaiah Livers",25,"DET","PF",23,469,-4.891611449,-1.955627339,-6.847238788,-1.182341503,-1.468969746,,,
"Johnny Davis",21,"WAS","SG",36,352,-5.807573471,-1.05416819,-6.86174166,-0.893139865,-1.093096551,,,
"Malaki Branham",20,"SAS","PG",62,1278,-4.098572465,-2.780926056,-6.879498521,-3.250711371,-3.978482574,,,
"Justin Jackson",28,"MIN","SF",2,1,-4.951278075,-1.952404322,-6.903682397,-0.002545643,-0.003115563,,,
"Juan Toscano-Anderson",30,"SAC","SF",11,53,-6.914839007,0.006874627,-6.90796438,-0.134821865,-0.167505954,,,
"Jordan Miller",24,"LAC","SF",7,26,0.103899091,-7.015800832,-6.911901741,-0.066719008,-0.082893313,,,
"Jacob Toppin",23,"NYK","SF",9,38,-1.098789546,-5.871400745,-6.970190291,-0.098942098,-0.121093315,,,
"Scoot Henderson",19,"POR","PG",48,1287,-4.724173375,-2.262162732,-6.986336107,-3.321667278,-4.065324131,,,
"Kobe Brown",24,"LAC","PF",35,289,-5.072234439,-1.992536,-7.064770438,-0.767014071,-0.952956876,,,
"Colin Castleton",23,"LAL","C",7,36,0.528882291,-7.617617564,-7.088735273,-0.095461559,-0.11511541,,,
"Kira Lewis Jr.",22,"NOP"," UTA"," TOR","PG",19,153,-5.815125698,-1.322595855,-7.137721552,-0.412664598,-0.505052194,
"Moses Brown",24,"POR","C",14,116,-5.920502093,-1.264761169,-7.185263262,-0.312516836,-0.382483292,,,
"Markieff Morris",34,"DAL","PF",20,168,-5.32120912,-1.967018056,-7.288227176,-0.468203529,-0.573025215,,,
"Greg Brown III",22,"DAL","PF",6,40,-6.664150547,-0.757422569,-7.421573117,-0.114549272,-0.140194632,,,
"Cole Swider",24,"MIA","SF",11,55,-5.728120914,-1.694211061,-7.422331974,-0.157281056,-0.195409797,,,
"Ryan Arcidiacono",29,"NYK","PG",20,45,-10.08712989,2.661886451,-7.425243442,-0.128963065,-0.157835393,,,
"Taj Gibson",38,"NYK","PF",16,165,-7.078658695,-0.480542622,-7.559201317,-0.485595725,-0.594311186,,,
"Admiral Schofield",26,"ORL","PF",17,58,-6.740730426,-0.880587827,-7.621318253,-0.171701628,-0.210142292,,,
"Ish Smith",35,"CHO","PG",43,741,-5.524471925,-2.398814673,-7.923286597,-2.329025718,-2.808531013,,,
"Brandon Williams",24,"DAL","PG",12,59,-3.346034574,-4.652424828,-7.998459402,-0.188564769,-0.230780762,,,
"R.J. Hampton",22,"MIA","PG",8,76,-7.178163339,-0.939118871,-8.11728221,-0.247707543,-0.307757856,,,
"Marques Bolden",25,"CHO"," MIL","C",4,16,-10.36434662,2.230703862,-8.133642754,-0.052271659,-0.062473811,,
"Ibou Badji",21,"POR","C",19,205,-7.70126519,-0.756005558,-8.457270748,-0.700643781,-0.857504329,,,
"Brandon Boston Jr.",22,"LAC","SF",22,164,-3.736796925,-4.764322431,-8.501119356,-0.570727884,-0.709086159,,,
"Thanasis Antetokounmpo",31,"MIL","PF",28,133,-6.808996129,-1.696689815,-8.505685945,-0.461772936,-0.565154937,,,
"Boban Marjanović",35,"HOU","C",10,50,-5.274928707,-3.705881773,-8.98081048,-0.186641035,-0.228426341,,,
"D.J. Carton",23,"TOR","SG",4,36,-3.383395538,-5.759897315,-9.143292853,-0.137724737,-0.168558634,,,
"Jalen Crutcher",24,"NOP","PG",1,3,-12.80631862,3.349728172,-9.456590448,-0.012088855,-0.014795315,,,
"Wenyen Gabriel",26,"MEM","PF",5,81,-10.3513019,0.802994169,-9.548307734,-0.329670601,-0.39754396,,,
"AJ Griffin",20,"ATL","SF",18,132,-6.317674924,-3.309477559,-9.627152484,-0.542281055,-0.673743129,,,
"DaQuan Jeffries",26,"NYK","SG",13,34,-7.179024261,-2.646316722,-9.825340983,-0.144441524,-0.176779179,,,
"Keyontae Johnson",23,"OKC","SF",9,66,-6.932411279,-3.010082538,-9.942493817,-0.283079654,-0.346455695,,,
"Robin Lopez",35,"MIL","C",16,65,-5.937605652,-4.012973645,-9.950579296,-0.279523309,-0.342103154,,,
"Théo Maledon",22,"CHO"," PHO","PG",17,213,-8.22318123,-1.787161487,-10.01034272,-0.924247377,-1.117395931,,
"Nathan Mensah",25,"CHO","C",25,307,-8.050098094,-2.083856365,-10.13395446,-1.354643612,-1.633540826,,,
"Seth Lundy",23,"ATL","SF",9,52,-6.971470242,-3.522558748,-10.49402899,-0.239427256,-0.297470227,,,
"Amari Bailey",19,"CHO","PG",4,16,-8.186903871,-2.579379876,-10.76628375,-0.076409974,-0.092141439,,,
"Frank Ntilikina",25,"CHO","PG",5,43,-8.73586868,-2.048245591,-10.78411427,-0.205792074,-0.248161031,,,
"TyTy Washington Jr.",22,"MIL","PG",5,21,-12.19477624,1.110975254,-11.08380099,-0.103951126,-0.127223766,,,
"D'Moi Hodge",25,"LAL","SG",7,41,-5.12622268,-6.043991249,-11.17021393,-0.204374134,-0.246451162,,,
"Hunter Tyson",23,"DEN","PF",11,32,-10.56432282,-0.969461229,-11.53378405,-0.167174576,-0.204601719,,,
"Ty Jerome",26,"CLE","SG",2,15,-4.225137599,-7.618178769,-11.84331637,-0.080533197,-0.098563017,,,
"Jalen Slawson",24,"SAC","SF",6,20,-8.648843476,-3.220690924,-11.8695344,-0.107,-0.133556107,,,
"Darius Bazley",23,"PHI","PF",3,10,-8.975524901,-2.921110332,-11.89663523,-0.054244596,-0.066388908,,,
"Pete Nance",23,"CLE","PF",3,7,-13.3720835,1.402974335,-11.96910916,-0.038085435,-0.046612025,,,
"Emoni Bates",20,"CLE","SF",11,88,-7.659757302,-4.338603604,-11.99836091,-0.480259574,-0.587780374,,,
"Dariq Whitehead",19,"BRK","SF",2,24,-7.785516701,-5.345159658,-13.13067636,-0.14696548,-0.1798682,,,
"Charlie Brown Jr.",26,"NYK","SG",8,37,-10.92130805,-2.307859501,-13.22916756,-0.229727564,-0.281159109,,,
"Jalen Hood-Schifino",20,"LAL","SG",21,109,-11.43266925,-3.150443694,-14.58311294,-0.755979461,-0.911622291,,,
"Xavier Moon",29,"LAC","SG",4,18,-6.723078686,-8.207308801,-14.93038749,-0.129,-0.160513037,,,
"Pat Spencer",27,"GSW","PG",2,3,-3.615440144,-11.81588634,-15.43132648,-0.0222214,-0.027608406,,,
"Maxwell Lewis",21,"LAL","SF",24,77,-10.33935695,-5.164097535,-15.50345449,-0.574548612,-0.692838032,,,
"Adam Flagler",24,"OKC","SG",1,6,-14.02437246,-1.505024601,-15.52939706,-0.044923212,-0.054980648,,,
"Shaquille Harrison",30,"MEM","SG",3,6,-10.96352349,-4.589439433,-15.55296293,-0.045076873,-0.054357406,,,
"Jamaree Bouyea",24,"POR","PG",6,57,-14.38592512,-3.714373845,-18.10029896,-0.507518652,-0.621142231,,,
"Mouhamed Gueye",21,"ATL","PF",2,4,-15.41812018,-4.927144466,-20.34526465,-0.040971978,-0.050904579,,,
"Lindell Wigginton",25,"MIL","PG",3,8,-9.641338574,-11.10742713,-20.7487657,-0.083929122,-0.102719224,,,
"Kaiser Gates",27,"NOP","SF",1,7,-20.57804976,-1.798509226,-22.37655899,-0.08021895,-0.098178416,,,
"Ron Harper Jr.",23,"TOR","PF",1,4,-9.04,-15.06913866,-24.11192882,-0.049523915,-0.060611359,,,
"Alex Fudge",20,"LAL","SF",4,14,-12.97227636,-11.9500665,-24.92234286,-0.17983877,-0.216864399,,,
"Dmytro Skapintsev",25,"NYK","C",2,2,-20.18130304,-5.226849621,-25.4,-0.026447674,-0.032368795,,,
"Alondes Williams",24,"MIA","SG",2,9,-21.78414996,-4.96666894,-26.7508189,-0.125776295,-0.156267518,,,
"Quenton Jackson",25,"IND","PG",1,2,-14.65678173,-12.11237116,-26.76915289,-0.027972671,-0.033731751,,,
"Joshua Primo",21,"LAC","SG",2,10,-24.12257304,-3.025950009,-27.14852305,-0.142038568,-0.176472161,,,
"Javonte Smart",24,"PHI","PG",1,1,-21.65033312,-36.34087799,-57.99121111,-0.0319,-0.039032261,,,
